nbs_1,nbs_2,nbs_3,nbs_4,nbs_5,nbs_6,nbs_7,nbs_8,nbs_9,nbs_10,nbs_11,nbs_12,nbs_13,nbs_14,nbs_15,nbs_16,nbs_17,nbs_18,nbs_19,nbs_20,nbs_21,nbs_22,nbs_23,nbs_24,nbs_25,nbs_26,nbs_27,nbs_28,nbs_29,nbs_30,nbs_31,nbs_32,nbs_33,nbs_34,nbs_35,nbs_36,nbs_37,nbs_38,nbs_39,nbs_40,nbs_41,nbs_42,nbs_43,nbs_44,nbs_45,nbs_46,nbs_47,nbs_48,nbs_49,nbs_50,nbs_51,nbs_52,nbs_53,nbs_54,nbs_55,nbs_56,nbs_57,nbs_58,nbs_59,nbs_60,nbs_61,nbs_62,nbs_63,nbs_64,nbs_65,nbs_66,nbs_67,nbs_68,nbs_69,nbs_70,nbs_71,nbs_72,nbs_73,nbs_74,nbs_75,nbs_76,nbs_77,nbs_78,nbs_79,nbs_80,nbs_81,nbs_82,nbs_83,nbs_84,nbs_85,nbs_86,nbs_87,nbs_88,nbs_89,nbs_90,nbs_91,nbs_92,nbs_93,nbs_94,nbs_95,nbs_96,nbs_97,nbs_98,nbs_99,nbs_100,nbs_101,nbs_102,nbs_103,nbs_104,nbs_105,nbs_106,nbs_107,nbs_108,nbs_109,nbs_110,nbs_111,nbs_112,nbs_113,nbs_114,nbs_115,nbs_116,nbs_117,nbs_118,nbs_119,nbs_120,nbs_121,nbs_122,nbs_123,nbs_124,nbs_125,nbs_126,nbs_127,nbs_128,nbs_129,nbs_130,nbs_131,nbs_132,nbs_133,nbs_134,nbs_135,nbs_136,nbs_137,nbs_138,nbs_139,nbs_140,nbs_141,nbs_142,nbs_143,nbs_144,nbs_145,nbs_146,nbs_147,nbs_148,nbs_149,nbs_150,nbs_151,nbs_152,nbs_153,nbs_154,nbs_155,nbs_156,nbs_157,nbs_158,nbs_159,nbs_160,nbs_161,nbs_162,nbs_163,nbs_164,nbs_165,nbs_166,nbs_167,nbs_168,nbs_169,nbs_170
2990916,3149804,3149803,3110127,3110128,2201716,2201717,2400281,2122543,1963848,2595385,2595386,2595384,2516031,2555715,2437458,2596160,2556485,2556487,2556491,2437457,2517304,2477625,2477452,2122238,2122240,2122241,2161919,2082567,2042882,2122782,2516256,2713868,2555937,2554982,2713684,2674193,2674194,2555352,2241811,2122783,2320929,1924398,2202130,2873110,2912785,2714399,2280702,2360052,2241020,2952462,3150845,2833441,1885947,1885948,1806604,2360055,2042649,2477990,2557337,2477991,3031276,2991601,3031277,2201716,2281063,2162033,2162040,2162043,2043016,2438314,2517665,2358959,2438321,3031275,2872568,2872577,1964025,1686479,1964026,2951552,2477620,2517292,2239573,2398270,2437946,2279235,2043567,2162403,1924343,2043375,2083051,2202075,2319286,1648993,1964020,2358954,2160577,2951205,2911526,2162402,1924354,2358962,2398635,2358971,2911529,2911524,2951208,2792505,1807690,2556493,2556311,2279435,2319101,2398461,2280030,2319897,2399789,2319892,2359752,2359754,2636029,2162585,2199535,2398088,2517299,2517300,2477443,2437767,2595209,2515845,2635236,2635056,2555523,2555524,2002793,2241024,2399914,2280703,2320377,2320378,2477274,2437401,2477078,2477079,2517120,2516449,2516272,2595624,2595805,2556128,2556129,2043383,2438314,2438316,2398459,2754144,2516443,2595987,2516452,2516451,2714283,2595259,2477134,2437285,2596168,2634924,2595260,2754142,2714284
2991099,3149987,3149986,3110310,3110311,2201899,2201900,2400464,2122726,1964031,2595568,2595569,2595567,2516214,2555898,2437641,2596343,2556668,2556670,2556674,2437640,2517487,2477808,2477635,2122421,2122423,2122424,2162102,2082750,2043065,2122965,2516439,2714051,2556120,2555165,2713867,2674376,2674377,2555535,2241994,2122966,2321112,1924581,2202313,2873293,2912968,2714582,2280885,2360235,2241203,2952645,3151028,2833624,1886130,1886131,1806787,2360238,2042832,2478173,2557520,2478174,3031459,2991784,3031460,2201899,2281246,2162216,2162223,2162226,2043199,2438497,2517848,2359142,2438504,3031458,2872751,2872760,1964208,1686662,1964209,2951735,2477803,2517475,2239756,2398453,2438129,2279418,2043750,2162586,1924526,2043558,2083234,2202258,2319469,1649176,1964203,2359137,2160760,2951388,2911709,2162585,1924537,2359145,2398818,2359154,2911712,2911707,2951391,2792688,1807873,2556676,2556494,2279618,2319284,2398644,2280213,2320080,2399972,2320075,2359935,2359937,2636212,2162768,2199718,2398271,2517482,2517483,2477626,2437950,2595392,2516028,2635419,2635239,2555706,2555707,2002976,2241207,2400097,2280886,2320560,2320561,2477457,2437584,2477261,2477262,2517303,2516632,2516455,2595807,2595988,2556311,2556312,2043566,2438497,2438499,2398642,2754327,2516626,2596170,2516635,2516634,2714466,2595442,2477317,2437468,2596351,2635107,2595443,2754325,2714467
2990735,3149623,3149622,3109946,3109947,2201535,2201536,2400100,2122362,1963667,2595204,2595205,2595203,2515850,2555534,2437277,2595979,2556304,2556306,2556310,2437276,2517123,2477444,2477271,2122057,2122059,2122060,2161738,2082386,2042701,2122601,2516075,2713687,2555756,2554801,2713503,2674012,2674013,2555171,2241630,2122602,2320748,1924217,2201949,2872929,2912604,2714218,2280521,2359871,2240839,2952281,3150664,2833260,1885766,1885767,1806423,2359874,2042468,2477809,2557156,2477810,3031095,2991420,3031096,2201535,2280882,2161852,2161859,2161862,2042835,2438133,2517484,2358778,2438140,3031094,2872387,2872396,1963844,1686298,1963845,2951371,2477439,2517111,2239392,2398089,2437765,2279054,2043386,2162222,1924162,2043194,2082870,2201894,2319105,1648812,1963839,2358773,2160396,2951024,2911345,2162221,1924173,2358781,2398454,2358790,2911348,2911343,2951027,2792324,1807509,2556312,2556130,2279254,2318920,2398280,2279849,2319716,2399608,2319711,2359571,2359573,2635848,2162404,2199354,2397907,2517118,2517119,2477262,2437586,2595028,2515664,2635055,2634875,2555342,2555343,2002612,2240843,2399733,2280522,2320196,2320197,2477093,2437220,2476897,2476898,2516939,2516268,2516091,2595443,2595624,2555947,2555948,2043202,2438133,2438135,2398278,2753963,2516262,2595806,2516271,2516270,2714102,2595078,2476953,2437104,2595987,2634743,2595079,2753961,2714103
3030775,3189663,3189662,3149986,3149987,2241575,2241576,2440140,2162402,2003707,2635244,2635245,2635243,2555890,2595574,2477317,2636019,2596344,2596346,2596350,2477316,2557163,2517484,2517311,2162097,2162099,2162100,2201778,2122426,2082741,2162641,2556115,2753727,2595796,2594841,2753543,2714052,2714053,2595211,2281670,2162642,2360788,1964257,2241989,2912969,2952644,2754258,2320561,2399911,2280879,2992321,3190704,2873300,1925806,1925807,1846463,2399914,2082508,2517849,2597196,2517850,3071135,3031460,3071136,2241575,2320922,2201892,2201899,2201902,2082875,2478173,2557524,2398818,2478180,3071134,2912427,2912436,2003884,1726338,2003885,2991411,2517479,2557151,2279432,2438129,2477805,2319094,2083426,2202262,1964202,2083234,2122910,2241934,2359145,1688852,2003879,2398813,2200436,2991064,2951385,2202261,1964213,2398821,2438494,2398830,2951388,2951383,2991067,2832364,1847549,2596352,2596170,2319294,2358960,2438320,2319889,2359756,2439648,2359751,2399611,2399613,2675888,2202444,2239394,2437947,2557158,2557159,2517302,2477626,2635068,2555704,2675095,2674915,2595382,2595383,2042652,2280883,2439773,2320562,2360236,2360237,2517133,2477260,2516937,2516938,2556979,2556308,2556131,2635483,2635664,2595987,2595988,2083242,2478173,2478175,2438318,2794003,2556302,2635846,2556311,2556310,2754142,2635118,2516993,2477144,2636027,2674783,2635119,2794001,2754143
3030593,3189481,3189480,3149804,3149805,2241393,2241394,2439958,2162220,2003525,2635062,2635063,2635061,2555708,2595392,2477135,2635837,2596162,2596164,2596168,2477134,2556981,2517302,2517129,2161915,2161917,2161918,2201596,2122244,2082559,2162459,2555933,2753545,2595614,2594659,2753361,2713870,2713871,2595029,2281488,2162460,2360606,1964075,2241807,2912787,2952462,2754076,2320379,2399729,2280697,2992139,3190522,2873118,1925624,1925625,1846281,2399732,2082326,2517667,2597014,2517668,3070953,3031278,3070954,2241393,2320740,2201710,2201717,2201720,2082693,2477991,2557342,2398636,2477998,3070952,2912245,2912254,2003702,1726156,2003703,2991229,2517297,2556969,2279250,2437947,2477623,2318912,2083244,2202080,1964020,2083052,2122728,2241752,2358963,1688670,2003697,2398631,2200254,2990882,2951203,2202079,1964031,2398639,2438312,2398648,2951206,2951201,2990885,2832182,1847367,2596170,2595988,2319112,2358778,2438138,2319707,2359574,2439466,2359569,2399429,2399431,2675706,2202262,2239212,2437765,2556976,2556977,2517120,2477444,2634886,2555522,2674913,2674733,2595200,2595201,2042470,2280701,2439591,2320380,2360054,2360055,2516951,2477078,2516755,2516756,2556797,2556126,2555949,2635301,2635482,2595805,2595806,2083060,2477991,2477993,2438136,2793821,2556120,2635664,2556129,2556128,2753960,2634936,2516811,2476962,2635845,2674601,2634937,2793819,2753961
3030411,3189299,3189298,3149622,3149623,2241211,2241212,2439776,2162038,2003343,2634880,2634881,2634879,2555526,2595210,2476953,2635655,2595980,2595982,2595986,2476952,2556799,2517120,2516947,2161733,2161735,2161736,2201414,2122062,2082377,2162277,2555751,2753363,2595432,2594477,2753179,2713688,2713689,2594847,2281306,2162278,2360424,1963893,2241625,2912605,2952280,2753894,2320197,2399547,2280515,2991957,3190340,2872936,1925442,1925443,1846099,2399550,2082144,2517485,2596832,2517486,3070771,3031096,3070772,2241211,2320558,2201528,2201535,2201538,2082511,2477809,2557160,2398454,2477816,3070770,2912063,2912072,2003520,1725974,2003521,2991047,2517115,2556787,2279068,2437765,2477441,2318730,2083062,2201898,1963838,2082870,2122546,2241570,2358781,1688488,2003515,2398449,2200072,2990700,2951021,2201897,1963849,2398457,2438130,2398466,2951024,2951019,2990703,2832000,1847185,2595988,2595806,2318930,2358596,2437956,2319525,2359392,2439284,2359387,2399247,2399249,2675524,2202080,2239030,2437583,2556794,2556795,2516938,2477262,2634704,2555340,2674731,2674551,2595018,2595019,2042288,2280519,2439409,2320198,2359872,2359873,2516769,2476896,2516573,2516574,2556615,2555944,2555767,2635119,2635300,2595623,2595624,2082878,2477809,2477811,2437954,2793639,2555938,2635482,2555947,2555946,2753778,2634754,2516629,2476780,2635663,2674419,2634755,2793637,2753779
2951423,3110311,3110310,3070634,3070635,2162223,2162224,2360788,2083050,1924355,2555892,2555893,2555891,2476538,2516222,2397965,2556667,2516992,2516994,2516998,2397964,2477811,2438132,2437959,2082745,2082747,2082748,2122426,2043074,2003389,2083289,2476763,2674375,2516444,2515489,2674191,2634700,2634701,2515859,2202318,2083290,2281436,1884905,2162637,2833617,2873292,2674906,2241209,2320559,2201527,2912969,3111352,2793948,1846454,1846455,1767111,2320562,2003156,2438497,2517844,2438498,2991783,2952108,2991784,2162223,2241570,2122540,2122547,2122550,2003523,2398821,2478172,2319466,2398828,2991782,2833075,2833084,1924532,1646986,1924533,2912059,2438127,2477799,2200080,2358777,2398453,2239742,2004074,2122910,1884850,2003882,2043558,2162582,2279793,1609500,1924527,2319461,2121084,2911712,2872033,2122909,1884861,2319469,2359142,2319478,2872036,2872031,2911715,2753012,1768197,2517000,2516818,2239942,2279608,2358968,2240537,2280404,2360296,2280399,2320259,2320261,2596536,2123092,2160042,2358595,2477806,2477807,2437950,2398274,2555716,2476352,2595743,2595563,2516030,2516031,1963300,2201531,2360421,2241210,2280884,2280885,2437781,2397908,2437585,2437586,2477627,2476956,2476779,2556131,2556312,2516635,2516636,2003890,2398821,2398823,2358966,2714651,2476950,2556494,2476959,2476958,2674790,2555766,2437641,2397792,2556675,2595431,2555767,2714649,2674791
2951241,3110129,3110128,3070452,3070453,2162041,2162042,2360606,2082868,1924173,2555710,2555711,2555709,2476356,2516040,2397783,2556485,2516810,2516812,2516816,2397782,2477629,2437950,2437777,2082563,2082565,2082566,2122244,2042892,2003207,2083107,2476581,2674193,2516262,2515307,2674009,2634518,2634519,2515677,2202136,2083108,2281254,1884723,2162455,2833435,2873110,2674724,2241027,2320377,2201345,2912787,3111170,2793766,1846272,1846273,1766929,2320380,2002974,2438315,2517662,2438316,2991601,2951926,2991602,2162041,2241388,2122358,2122365,2122368,2003341,2398639,2477990,2319284,2398646,2991600,2832893,2832902,1924350,1646804,1924351,2911877,2437945,2477617,2199898,2358595,2398271,2239560,2003892,2122728,1884668,2003700,2043376,2162400,2279611,1609318,1924345,2319279,2120902,2911530,2871851,2122727,1884679,2319287,2358960,2319296,2871854,2871849,2911533,2752830,1768015,2516818,2516636,2239760,2279426,2358786,2240355,2280222,2360114,2280217,2320077,2320079,2596354,2122910,2159860,2358413,2477624,2477625,2437768,2398092,2555534,2476170,2595561,2595381,2515848,2515849,1963118,2201349,2360239,2241028,2280702,2280703,2437599,2397726,2437403,2437404,2477445,2476774,2476597,2555949,2556130,2516453,2516454,2003708,2398639,2398641,2358784,2714469,2476768,2556312,2476777,2476776,2674608,2555584,2437459,2397610,2556493,2595249,2555585,2714467,2674609
2951059,3109947,3109946,3070270,3070271,2161859,2161860,2360424,2082686,1923991,2555528,2555529,2555527,2476174,2515858,2397601,2556303,2516628,2516630,2516634,2397600,2477447,2437768,2437595,2082381,2082383,2082384,2122062,2042710,2003025,2082925,2476399,2674011,2516080,2515125,2673827,2634336,2634337,2515495,2201954,2082926,2281072,1884541,2162273,2833253,2872928,2674542,2240845,2320195,2201163,2912605,3110988,2793584,1846090,1846091,1766747,2320198,2002792,2438133,2517480,2438134,2991419,2951744,2991420,2161859,2241206,2122176,2122183,2122186,2003159,2398457,2477808,2319102,2398464,2991418,2832711,2832720,1924168,1646622,1924169,2911695,2437763,2477435,2199716,2358413,2398089,2239378,2003710,2122546,1884486,2003518,2043194,2162218,2279429,1609136,1924163,2319097,2120720,2911348,2871669,2122545,1884497,2319105,2358778,2319114,2871672,2871667,2911351,2752648,1767833,2516636,2516454,2239578,2279244,2358604,2240173,2280040,2359932,2280035,2319895,2319897,2596172,2122728,2159678,2358231,2477442,2477443,2437586,2397910,2555352,2475988,2595379,2595199,2515666,2515667,1962936,2201167,2360057,2240846,2280520,2280521,2437417,2397544,2437221,2437222,2477263,2476592,2476415,2555767,2555948,2516271,2516272,2003526,2398457,2398459,2358602,2714287,2476586,2556130,2476595,2476594,2674426,2555402,2437277,2397428,2556311,2595067,2555403,2714285,2674427
2990917,3149805,3149804,3110128,3110129,2201717,2201718,2400282,2122544,1963849,2595386,2595387,2595385,2516032,2555716,2437459,2596161,2556486,2556488,2556492,2437458,2517305,2477626,2477453,2122239,2122241,2122242,2161920,2082568,2042883,2122783,2516257,2713869,2555938,2554983,2713685,2674194,2674195,2555353,2241812,2122784,2320930,1924399,2202131,2873111,2912786,2714400,2280703,2360053,2241021,2952463,3150846,2833442,1885948,1885949,1806605,2360056,2042650,2477991,2557338,2477992,3031277,2991602,3031278,2201717,2281064,2162034,2162041,2162044,2043017,2438315,2517666,2358960,2438322,3031276,2872569,2872578,1964026,1686480,1964027,2951553,2477621,2517293,2239574,2398271,2437947,2279236,2043568,2162404,1924344,2043376,2083052,2202076,2319287,1648994,1964021,2358955,2160578,2951206,2911527,2162403,1924355,2358963,2398636,2358972,2911530,2911525,2951209,2792506,1807691,2556494,2556312,2279436,2319102,2398462,2280031,2319898,2399790,2319893,2359753,2359755,2636030,2162586,2199536,2398089,2517300,2517301,2477444,2437768,2595210,2515846,2635237,2635057,2555524,2555525,2002794,2241025,2399915,2280704,2320378,2320379,2477275,2437402,2477079,2477080,2517121,2516450,2516273,2595625,2595806,2556129,2556130,2043384,2438315,2438317,2398460,2754145,2516444,2595988,2516453,2516452,2714284,2595260,2477135,2437286,2596169,2634925,2595261,2754143,2714285
2991098,3149986,3149985,3110309,3110310,2201898,2201899,2400463,2122725,1964030,2595567,2595568,2595566,2516213,2555897,2437640,2596342,2556667,2556669,2556673,2437639,2517486,2477807,2477634,2122420,2122422,2122423,2162101,2082749,2043064,2122964,2516438,2714050,2556119,2555164,2713866,2674375,2674376,2555534,2241993,2122965,2321111,1924580,2202312,2873292,2912967,2714581,2280884,2360234,2241202,2952644,3151027,2833623,1886129,1886130,1806786,2360237,2042831,2478172,2557519,2478173,3031458,2991783,3031459,2201898,2281245,2162215,2162222,2162225,2043198,2438496,2517847,2359141,2438503,3031457,2872750,2872759,1964207,1686661,1964208,2951734,2477802,2517474,2239755,2398452,2438128,2279417,2043749,2162585,1924525,2043557,2083233,2202257,2319468,1649175,1964202,2359136,2160759,2951387,2911708,2162584,1924536,2359144,2398817,2359153,2911711,2911706,2951390,2792687,1807872,2556675,2556493,2279617,2319283,2398643,2280212,2320079,2399971,2320074,2359934,2359936,2636211,2162767,2199717,2398270,2517481,2517482,2477625,2437949,2595391,2516027,2635418,2635238,2555705,2555706,2002975,2241206,2400096,2280885,2320559,2320560,2477456,2437583,2477260,2477261,2517302,2516631,2516454,2595806,2595987,2556310,2556311,2043565,2438496,2438498,2398641,2754326,2516625,2596169,2516634,2516633,2714465,2595441,2477316,2437467,2596350,2635106,2595442,2754324,2714466
2990734,3149622,3149621,3109945,3109946,2201534,2201535,2400099,2122361,1963666,2595203,2595204,2595202,2515849,2555533,2437276,2595978,2556303,2556305,2556309,2437275,2517122,2477443,2477270,2122056,2122058,2122059,2161737,2082385,2042700,2122600,2516074,2713686,2555755,2554800,2713502,2674011,2674012,2555170,2241629,2122601,2320747,1924216,2201948,2872928,2912603,2714217,2280520,2359870,2240838,2952280,3150663,2833259,1885765,1885766,1806422,2359873,2042467,2477808,2557155,2477809,3031094,2991419,3031095,2201534,2280881,2161851,2161858,2161861,2042834,2438132,2517483,2358777,2438139,3031093,2872386,2872395,1963843,1686297,1963844,2951370,2477438,2517110,2239391,2398088,2437764,2279053,2043385,2162221,1924161,2043193,2082869,2201893,2319104,1648811,1963838,2358772,2160395,2951023,2911344,2162220,1924172,2358780,2398453,2358789,2911347,2911342,2951026,2792323,1807508,2556311,2556129,2279253,2318919,2398279,2279848,2319715,2399607,2319710,2359570,2359572,2635847,2162403,2199353,2397906,2517117,2517118,2477261,2437585,2595027,2515663,2635054,2634874,2555341,2555342,2002611,2240842,2399732,2280521,2320195,2320196,2477092,2437219,2476896,2476897,2516938,2516267,2516090,2595442,2595623,2555946,2555947,2043201,2438132,2438134,2398277,2753962,2516261,2595805,2516270,2516269,2714101,2595077,2476952,2437103,2595986,2634742,2595078,2753960,2714102
3030774,3189662,3189661,3149985,3149986,2241574,2241575,2440139,2162401,2003706,2635243,2635244,2635242,2555889,2595573,2477316,2636018,2596343,2596345,2596349,2477315,2557162,2517483,2517310,2162096,2162098,2162099,2201777,2122425,2082740,2162640,2556114,2753726,2595795,2594840,2753542,2714051,2714052,2595210,2281669,2162641,2360787,1964256,2241988,2912968,2952643,2754257,2320560,2399910,2280878,2992320,3190703,2873299,1925805,1925806,1846462,2399913,2082507,2517848,2597195,2517849,3071134,3031459,3071135,2241574,2320921,2201891,2201898,2201901,2082874,2478172,2557523,2398817,2478179,3071133,2912426,2912435,2003883,1726337,2003884,2991410,2517478,2557150,2279431,2438128,2477804,2319093,2083425,2202261,1964201,2083233,2122909,2241933,2359144,1688851,2003878,2398812,2200435,2991063,2951384,2202260,1964212,2398820,2438493,2398829,2951387,2951382,2991066,2832363,1847548,2596351,2596169,2319293,2358959,2438319,2319888,2359755,2439647,2359750,2399610,2399612,2675887,2202443,2239393,2437946,2557157,2557158,2517301,2477625,2635067,2555703,2675094,2674914,2595381,2595382,2042651,2280882,2439772,2320561,2360235,2360236,2517132,2477259,2516936,2516937,2556978,2556307,2556130,2635482,2635663,2595986,2595987,2083241,2478172,2478174,2438317,2794002,2556301,2635845,2556310,2556309,2754141,2635117,2516992,2477143,2636026,2674782,2635118,2794000,2754142
3030592,3189480,3189479,3149803,3149804,2241392,2241393,2439957,2162219,2003524,2635061,2635062,2635060,2555707,2595391,2477134,2635836,2596161,2596163,2596167,2477133,2556980,2517301,2517128,2161914,2161916,2161917,2201595,2122243,2082558,2162458,2555932,2753544,2595613,2594658,2753360,2713869,2713870,2595028,2281487,2162459,2360605,1964074,2241806,2912786,2952461,2754075,2320378,2399728,2280696,2992138,3190521,2873117,1925623,1925624,1846280,2399731,2082325,2517666,2597013,2517667,3070952,3031277,3070953,2241392,2320739,2201709,2201716,2201719,2082692,2477990,2557341,2398635,2477997,3070951,2912244,2912253,2003701,1726155,2003702,2991228,2517296,2556968,2279249,2437946,2477622,2318911,2083243,2202079,1964019,2083051,2122727,2241751,2358962,1688669,2003696,2398630,2200253,2990881,2951202,2202078,1964030,2398638,2438311,2398647,2951205,2951200,2990884,2832181,1847366,2596169,2595987,2319111,2358777,2438137,2319706,2359573,2439465,2359568,2399428,2399430,2675705,2202261,2239211,2437764,2556975,2556976,2517119,2477443,2634885,2555521,2674912,2674732,2595199,2595200,2042469,2280700,2439590,2320379,2360053,2360054,2516950,2477077,2516754,2516755,2556796,2556125,2555948,2635300,2635481,2595804,2595805,2083059,2477990,2477992,2438135,2793820,2556119,2635663,2556128,2556127,2753959,2634935,2516810,2476961,2635844,2674600,2634936,2793818,2753960
3030410,3189298,3189297,3149621,3149622,2241210,2241211,2439775,2162037,2003342,2634879,2634880,2634878,2555525,2595209,2476952,2635654,2595979,2595981,2595985,2476951,2556798,2517119,2516946,2161732,2161734,2161735,2201413,2122061,2082376,2162276,2555750,2753362,2595431,2594476,2753178,2713687,2713688,2594846,2281305,2162277,2360423,1963892,2241624,2912604,2952279,2753893,2320196,2399546,2280514,2991956,3190339,2872935,1925441,1925442,1846098,2399549,2082143,2517484,2596831,2517485,3070770,3031095,3070771,2241210,2320557,2201527,2201534,2201537,2082510,2477808,2557159,2398453,2477815,3070769,2912062,2912071,2003519,1725973,2003520,2991046,2517114,2556786,2279067,2437764,2477440,2318729,2083061,2201897,1963837,2082869,2122545,2241569,2358780,1688487,2003514,2398448,2200071,2990699,2951020,2201896,1963848,2398456,2438129,2398465,2951023,2951018,2990702,2831999,1847184,2595987,2595805,2318929,2358595,2437955,2319524,2359391,2439283,2359386,2399246,2399248,2675523,2202079,2239029,2437582,2556793,2556794,2516937,2477261,2634703,2555339,2674730,2674550,2595017,2595018,2042287,2280518,2439408,2320197,2359871,2359872,2516768,2476895,2516572,2516573,2556614,2555943,2555766,2635118,2635299,2595622,2595623,2082877,2477808,2477810,2437953,2793638,2555937,2635481,2555946,2555945,2753777,2634753,2516628,2476779,2635662,2674418,2634754,2793636,2753778
2951422,3110310,3110309,3070633,3070634,2162222,2162223,2360787,2083049,1924354,2555891,2555892,2555890,2476537,2516221,2397964,2556666,2516991,2516993,2516997,2397963,2477810,2438131,2437958,2082744,2082746,2082747,2122425,2043073,2003388,2083288,2476762,2674374,2516443,2515488,2674190,2634699,2634700,2515858,2202317,2083289,2281435,1884904,2162636,2833616,2873291,2674905,2241208,2320558,2201526,2912968,3111351,2793947,1846453,1846454,1767110,2320561,2003155,2438496,2517843,2438497,2991782,2952107,2991783,2162222,2241569,2122539,2122546,2122549,2003522,2398820,2478171,2319465,2398827,2991781,2833074,2833083,1924531,1646985,1924532,2912058,2438126,2477798,2200079,2358776,2398452,2239741,2004073,2122909,1884849,2003881,2043557,2162581,2279792,1609499,1924526,2319460,2121083,2911711,2872032,2122908,1884860,2319468,2359141,2319477,2872035,2872030,2911714,2753011,1768196,2516999,2516817,2239941,2279607,2358967,2240536,2280403,2360295,2280398,2320258,2320260,2596535,2123091,2160041,2358594,2477805,2477806,2437949,2398273,2555715,2476351,2595742,2595562,2516029,2516030,1963299,2201530,2360420,2241209,2280883,2280884,2437780,2397907,2437584,2437585,2477626,2476955,2476778,2556130,2556311,2516634,2516635,2003889,2398820,2398822,2358965,2714650,2476949,2556493,2476958,2476957,2674789,2555765,2437640,2397791,2556674,2595430,2555766,2714648,2674790
2951240,3110128,3110127,3070451,3070452,2162040,2162041,2360605,2082867,1924172,2555709,2555710,2555708,2476355,2516039,2397782,2556484,2516809,2516811,2516815,2397781,2477628,2437949,2437776,2082562,2082564,2082565,2122243,2042891,2003206,2083106,2476580,2674192,2516261,2515306,2674008,2634517,2634518,2515676,2202135,2083107,2281253,1884722,2162454,2833434,2873109,2674723,2241026,2320376,2201344,2912786,3111169,2793765,1846271,1846272,1766928,2320379,2002973,2438314,2517661,2438315,2991600,2951925,2991601,2162040,2241387,2122357,2122364,2122367,2003340,2398638,2477989,2319283,2398645,2991599,2832892,2832901,1924349,1646803,1924350,2911876,2437944,2477616,2199897,2358594,2398270,2239559,2003891,2122727,1884667,2003699,2043375,2162399,2279610,1609317,1924344,2319278,2120901,2911529,2871850,2122726,1884678,2319286,2358959,2319295,2871853,2871848,2911532,2752829,1768014,2516817,2516635,2239759,2279425,2358785,2240354,2280221,2360113,2280216,2320076,2320078,2596353,2122909,2159859,2358412,2477623,2477624,2437767,2398091,2555533,2476169,2595560,2595380,2515847,2515848,1963117,2201348,2360238,2241027,2280701,2280702,2437598,2397725,2437402,2437403,2477444,2476773,2476596,2555948,2556129,2516452,2516453,2003707,2398638,2398640,2358783,2714468,2476767,2556311,2476776,2476775,2674607,2555583,2437458,2397609,2556492,2595248,2555584,2714466,2674608
2951058,3109946,3109945,3070269,3070270,2161858,2161859,2360423,2082685,1923990,2555527,2555528,2555526,2476173,2515857,2397600,2556302,2516627,2516629,2516633,2397599,2477446,2437767,2437594,2082380,2082382,2082383,2122061,2042709,2003024,2082924,2476398,2674010,2516079,2515124,2673826,2634335,2634336,2515494,2201953,2082925,2281071,1884540,2162272,2833252,2872927,2674541,2240844,2320194,2201162,2912604,3110987,2793583,1846089,1846090,1766746,2320197,2002791,2438132,2517479,2438133,2991418,2951743,2991419,2161858,2241205,2122175,2122182,2122185,2003158,2398456,2477807,2319101,2398463,2991417,2832710,2832719,1924167,1646621,1924168,2911694,2437762,2477434,2199715,2358412,2398088,2239377,2003709,2122545,1884485,2003517,2043193,2162217,2279428,1609135,1924162,2319096,2120719,2911347,2871668,2122544,1884496,2319104,2358777,2319113,2871671,2871666,2911350,2752647,1767832,2516635,2516453,2239577,2279243,2358603,2240172,2280039,2359931,2280034,2319894,2319896,2596171,2122727,2159677,2358230,2477441,2477442,2437585,2397909,2555351,2475987,2595378,2595198,2515665,2515666,1962935,2201166,2360056,2240845,2280519,2280520,2437416,2397543,2437220,2437221,2477262,2476591,2476414,2555766,2555947,2516270,2516271,2003525,2398456,2398458,2358601,2714286,2476585,2556129,2476594,2476593,2674425,2555401,2437276,2397427,2556310,2595066,2555402,2714284,2674426
2991097,3149985,3149984,3110308,3110309,2201897,2201898,2400462,2122724,1964029,2595566,2595567,2595565,2516212,2555896,2437639,2596341,2556666,2556668,2556672,2437638,2517485,2477806,2477633,2122419,2122421,2122422,2162100,2082748,2043063,2122963,2516437,2714049,2556118,2555163,2713865,2674374,2674375,2555533,2241992,2122964,2321110,1924579,2202311,2873291,2912966,2714580,2280883,2360233,2241201,2952643,3151026,2833622,1886128,1886129,1806785,2360236,2042830,2478171,2557518,2478172,3031457,2991782,3031458,2201897,2281244,2162214,2162221,2162224,2043197,2438495,2517846,2359140,2438502,3031456,2872749,2872758,1964206,1686660,1964207,2951733,2477801,2517473,2239754,2398451,2438127,2279416,2043748,2162584,1924524,2043556,2083232,2202256,2319467,1649174,1964201,2359135,2160758,2951386,2911707,2162583,1924535,2359143,2398816,2359152,2911710,2911705,2951389,2792686,1807871,2556674,2556492,2279616,2319282,2398642,2280211,2320078,2399970,2320073,2359933,2359935,2636210,2162766,2199716,2398269,2517480,2517481,2477624,2437948,2595390,2516026,2635417,2635237,2555704,2555705,2002974,2241205,2400095,2280884,2320558,2320559,2477455,2437582,2477259,2477260,2517301,2516630,2516453,2595805,2595986,2556309,2556310,2043564,2438495,2438497,2398640,2754325,2516624,2596168,2516633,2516632,2714464,2595440,2477315,2437466,2596349,2635105,2595441,2754323,2714465
2990733,3149621,3149620,3109944,3109945,2201533,2201534,2400098,2122360,1963665,2595202,2595203,2595201,2515848,2555532,2437275,2595977,2556302,2556304,2556308,2437274,2517121,2477442,2477269,2122055,2122057,2122058,2161736,2082384,2042699,2122599,2516073,2713685,2555754,2554799,2713501,2674010,2674011,2555169,2241628,2122600,2320746,1924215,2201947,2872927,2912602,2714216,2280519,2359869,2240837,2952279,3150662,2833258,1885764,1885765,1806421,2359872,2042466,2477807,2557154,2477808,3031093,2991418,3031094,2201533,2280880,2161850,2161857,2161860,2042833,2438131,2517482,2358776,2438138,3031092,2872385,2872394,1963842,1686296,1963843,2951369,2477437,2517109,2239390,2398087,2437763,2279052,2043384,2162220,1924160,2043192,2082868,2201892,2319103,1648810,1963837,2358771,2160394,2951022,2911343,2162219,1924171,2358779,2398452,2358788,2911346,2911341,2951025,2792322,1807507,2556310,2556128,2279252,2318918,2398278,2279847,2319714,2399606,2319709,2359569,2359571,2635846,2162402,2199352,2397905,2517116,2517117,2477260,2437584,2595026,2515662,2635053,2634873,2555340,2555341,2002610,2240841,2399731,2280520,2320194,2320195,2477091,2437218,2476895,2476896,2516937,2516266,2516089,2595441,2595622,2555945,2555946,2043200,2438131,2438133,2398276,2753961,2516260,2595804,2516269,2516268,2714100,2595076,2476951,2437102,2595985,2634741,2595077,2753959,2714101
3030773,3189661,3189660,3149984,3149985,2241573,2241574,2440138,2162400,2003705,2635242,2635243,2635241,2555888,2595572,2477315,2636017,2596342,2596344,2596348,2477314,2557161,2517482,2517309,2162095,2162097,2162098,2201776,2122424,2082739,2162639,2556113,2753725,2595794,2594839,2753541,2714050,2714051,2595209,2281668,2162640,2360786,1964255,2241987,2912967,2952642,2754256,2320559,2399909,2280877,2992319,3190702,2873298,1925804,1925805,1846461,2399912,2082506,2517847,2597194,2517848,3071133,3031458,3071134,2241573,2320920,2201890,2201897,2201900,2082873,2478171,2557522,2398816,2478178,3071132,2912425,2912434,2003882,1726336,2003883,2991409,2517477,2557149,2279430,2438127,2477803,2319092,2083424,2202260,1964200,2083232,2122908,2241932,2359143,1688850,2003877,2398811,2200434,2991062,2951383,2202259,1964211,2398819,2438492,2398828,2951386,2951381,2991065,2832362,1847547,2596350,2596168,2319292,2358958,2438318,2319887,2359754,2439646,2359749,2399609,2399611,2675886,2202442,2239392,2437945,2557156,2557157,2517300,2477624,2635066,2555702,2675093,2674913,2595380,2595381,2042650,2280881,2439771,2320560,2360234,2360235,2517131,2477258,2516935,2516936,2556977,2556306,2556129,2635481,2635662,2595985,2595986,2083240,2478171,2478173,2438316,2794001,2556300,2635844,2556309,2556308,2754140,2635116,2516991,2477142,2636025,2674781,2635117,2793999,2754141
3030591,3189479,3189478,3149802,3149803,2241391,2241392,2439956,2162218,2003523,2635060,2635061,2635059,2555706,2595390,2477133,2635835,2596160,2596162,2596166,2477132,2556979,2517300,2517127,2161913,2161915,2161916,2201594,2122242,2082557,2162457,2555931,2753543,2595612,2594657,2753359,2713868,2713869,2595027,2281486,2162458,2360604,1964073,2241805,2912785,2952460,2754074,2320377,2399727,2280695,2992137,3190520,2873116,1925622,1925623,1846279,2399730,2082324,2517665,2597012,2517666,3070951,3031276,3070952,2241391,2320738,2201708,2201715,2201718,2082691,2477989,2557340,2398634,2477996,3070950,2912243,2912252,2003700,1726154,2003701,2991227,2517295,2556967,2279248,2437945,2477621,2318910,2083242,2202078,1964018,2083050,2122726,2241750,2358961,1688668,2003695,2398629,2200252,2990880,2951201,2202077,1964029,2398637,2438310,2398646,2951204,2951199,2990883,2832180,1847365,2596168,2595986,2319110,2358776,2438136,2319705,2359572,2439464,2359567,2399427,2399429,2675704,2202260,2239210,2437763,2556974,2556975,2517118,2477442,2634884,2555520,2674911,2674731,2595198,2595199,2042468,2280699,2439589,2320378,2360052,2360053,2516949,2477076,2516753,2516754,2556795,2556124,2555947,2635299,2635480,2595803,2595804,2083058,2477989,2477991,2438134,2793819,2556118,2635662,2556127,2556126,2753958,2634934,2516809,2476960,2635843,2674599,2634935,2793817,2753959
3030409,3189297,3189296,3149620,3149621,2241209,2241210,2439774,2162036,2003341,2634878,2634879,2634877,2555524,2595208,2476951,2635653,2595978,2595980,2595984,2476950,2556797,2517118,2516945,2161731,2161733,2161734,2201412,2122060,2082375,2162275,2555749,2753361,2595430,2594475,2753177,2713686,2713687,2594845,2281304,2162276,2360422,1963891,2241623,2912603,2952278,2753892,2320195,2399545,2280513,2991955,3190338,2872934,1925440,1925441,1846097,2399548,2082142,2517483,2596830,2517484,3070769,3031094,3070770,2241209,2320556,2201526,2201533,2201536,2082509,2477807,2557158,2398452,2477814,3070768,2912061,2912070,2003518,1725972,2003519,2991045,2517113,2556785,2279066,2437763,2477439,2318728,2083060,2201896,1963836,2082868,2122544,2241568,2358779,1688486,2003513,2398447,2200070,2990698,2951019,2201895,1963847,2398455,2438128,2398464,2951022,2951017,2990701,2831998,1847183,2595986,2595804,2318928,2358594,2437954,2319523,2359390,2439282,2359385,2399245,2399247,2675522,2202078,2239028,2437581,2556792,2556793,2516936,2477260,2634702,2555338,2674729,2674549,2595016,2595017,2042286,2280517,2439407,2320196,2359870,2359871,2516767,2476894,2516571,2516572,2556613,2555942,2555765,2635117,2635298,2595621,2595622,2082876,2477807,2477809,2437952,2793637,2555936,2635480,2555945,2555944,2753776,2634752,2516627,2476778,2635661,2674417,2634753,2793635,2753777
2951421,3110309,3110308,3070632,3070633,2162221,2162222,2360786,2083048,1924353,2555890,2555891,2555889,2476536,2516220,2397963,2556665,2516990,2516992,2516996,2397962,2477809,2438130,2437957,2082743,2082745,2082746,2122424,2043072,2003387,2083287,2476761,2674373,2516442,2515487,2674189,2634698,2634699,2515857,2202316,2083288,2281434,1884903,2162635,2833615,2873290,2674904,2241207,2320557,2201525,2912967,3111350,2793946,1846452,1846453,1767109,2320560,2003154,2438495,2517842,2438496,2991781,2952106,2991782,2162221,2241568,2122538,2122545,2122548,2003521,2398819,2478170,2319464,2398826,2991780,2833073,2833082,1924530,1646984,1924531,2912057,2438125,2477797,2200078,2358775,2398451,2239740,2004072,2122908,1884848,2003880,2043556,2162580,2279791,1609498,1924525,2319459,2121082,2911710,2872031,2122907,1884859,2319467,2359140,2319476,2872034,2872029,2911713,2753010,1768195,2516998,2516816,2239940,2279606,2358966,2240535,2280402,2360294,2280397,2320257,2320259,2596534,2123090,2160040,2358593,2477804,2477805,2437948,2398272,2555714,2476350,2595741,2595561,2516028,2516029,1963298,2201529,2360419,2241208,2280882,2280883,2437779,2397906,2437583,2437584,2477625,2476954,2476777,2556129,2556310,2516633,2516634,2003888,2398819,2398821,2358964,2714649,2476948,2556492,2476957,2476956,2674788,2555764,2437639,2397790,2556673,2595429,2555765,2714647,2674789
2951239,3110127,3110126,3070450,3070451,2162039,2162040,2360604,2082866,1924171,2555708,2555709,2555707,2476354,2516038,2397781,2556483,2516808,2516810,2516814,2397780,2477627,2437948,2437775,2082561,2082563,2082564,2122242,2042890,2003205,2083105,2476579,2674191,2516260,2515305,2674007,2634516,2634517,2515675,2202134,2083106,2281252,1884721,2162453,2833433,2873108,2674722,2241025,2320375,2201343,2912785,3111168,2793764,1846270,1846271,1766927,2320378,2002972,2438313,2517660,2438314,2991599,2951924,2991600,2162039,2241386,2122356,2122363,2122366,2003339,2398637,2477988,2319282,2398644,2991598,2832891,2832900,1924348,1646802,1924349,2911875,2437943,2477615,2199896,2358593,2398269,2239558,2003890,2122726,1884666,2003698,2043374,2162398,2279609,1609316,1924343,2319277,2120900,2911528,2871849,2122725,1884677,2319285,2358958,2319294,2871852,2871847,2911531,2752828,1768013,2516816,2516634,2239758,2279424,2358784,2240353,2280220,2360112,2280215,2320075,2320077,2596352,2122908,2159858,2358411,2477622,2477623,2437766,2398090,2555532,2476168,2595559,2595379,2515846,2515847,1963116,2201347,2360237,2241026,2280700,2280701,2437597,2397724,2437401,2437402,2477443,2476772,2476595,2555947,2556128,2516451,2516452,2003706,2398637,2398639,2358782,2714467,2476766,2556310,2476775,2476774,2674606,2555582,2437457,2397608,2556491,2595247,2555583,2714465,2674607
2951057,3109945,3109944,3070268,3070269,2161857,2161858,2360422,2082684,1923989,2555526,2555527,2555525,2476172,2515856,2397599,2556301,2516626,2516628,2516632,2397598,2477445,2437766,2437593,2082379,2082381,2082382,2122060,2042708,2003023,2082923,2476397,2674009,2516078,2515123,2673825,2634334,2634335,2515493,2201952,2082924,2281070,1884539,2162271,2833251,2872926,2674540,2240843,2320193,2201161,2912603,3110986,2793582,1846088,1846089,1766745,2320196,2002790,2438131,2517478,2438132,2991417,2951742,2991418,2161857,2241204,2122174,2122181,2122184,2003157,2398455,2477806,2319100,2398462,2991416,2832709,2832718,1924166,1646620,1924167,2911693,2437761,2477433,2199714,2358411,2398087,2239376,2003708,2122544,1884484,2003516,2043192,2162216,2279427,1609134,1924161,2319095,2120718,2911346,2871667,2122543,1884495,2319103,2358776,2319112,2871670,2871665,2911349,2752646,1767831,2516634,2516452,2239576,2279242,2358602,2240171,2280038,2359930,2280033,2319893,2319895,2596170,2122726,2159676,2358229,2477440,2477441,2437584,2397908,2555350,2475986,2595377,2595197,2515664,2515665,1962934,2201165,2360055,2240844,2280518,2280519,2437415,2397542,2437219,2437220,2477261,2476590,2476413,2555765,2555946,2516269,2516270,2003524,2398455,2398457,2358600,2714285,2476584,2556128,2476593,2476592,2674424,2555400,2437275,2397426,2556309,2595065,2555401,2714283,2674425
2990915,3149803,3149802,3110126,3110127,2201715,2201716,2400280,2122542,1963847,2595384,2595385,2595383,2516030,2555714,2437457,2596159,2556484,2556486,2556490,2437456,2517303,2477624,2477451,2122237,2122239,2122240,2161918,2082566,2042881,2122781,2516255,2713867,2555936,2554981,2713683,2674192,2674193,2555351,2241810,2122782,2320928,1924397,2202129,2873109,2912784,2714398,2280701,2360051,2241019,2952461,3150844,2833440,1885946,1885947,1806603,2360054,2042648,2477989,2557336,2477990,3031275,2991600,3031276,2201715,2281062,2162032,2162039,2162042,2043015,2438313,2517664,2358958,2438320,3031274,2872567,2872576,1964024,1686478,1964025,2951551,2477619,2517291,2239572,2398269,2437945,2279234,2043566,2162402,1924342,2043374,2083050,2202074,2319285,1648992,1964019,2358953,2160576,2951204,2911525,2162401,1924353,2358961,2398634,2358970,2911528,2911523,2951207,2792504,1807689,2556492,2556310,2279434,2319100,2398460,2280029,2319896,2399788,2319891,2359751,2359753,2636028,2162584,2199534,2398087,2517298,2517299,2477442,2437766,2595208,2515844,2635235,2635055,2555522,2555523,2002792,2241023,2399913,2280702,2320376,2320377,2477273,2437400,2477077,2477078,2517119,2516448,2516271,2595623,2595804,2556127,2556128,2043382,2438313,2438315,2398458,2754143,2516442,2595986,2516451,2516450,2714282,2595258,2477133,2437284,2596167,2634923,2595259,2754141,2714283
